{
	"info": {
		"_postman_id": "12bbdd21-8754-465c-8f2d-3bd9cd4b5b94",
		"name": "Admin_Consultant",
		"schema": "https://schema.getpostman.com/json/collection/v2.1.0/collection.json",
		"_exporter_id": "26731935"
	},
	"item": [
		{
			"name": "Register",
			"item": [
				{
					"name": "register",
					"request": {
						"method": "POST",
						"header": [],
						"body": {
							"mode": "formdata",
							"formdata": [
								{
									"key": "name",
									"value": "rajesh",
									"type": "text"
								},
								{
									"key": "email",
									"value": "rajesh@gmail.com",
									"type": "text"
								},
								{
									"key": "password",
									"value": "123456",
									"type": "text"
								},
								{
									"key": "lastName",
									"value": "patel",
									"type": "text"
								},
								{
									"key": "stateId",
									"value": "1",
									"type": "text"
								},
								{
									"key": "cityId",
									"value": "2",
									"type": "text"
								},
								{
									"key": "contactNo",
									"value": "9632589635",
									"type": "text"
								},
								{
									"key": "birthdate",
									"value": "2023-06-05",
									"type": "text"
								}
							]
						},
						"url": {
							"raw": "http://127.0.0.1:8000/api/register",
							"protocol": "http",
							"host": [
								"127",
								"0",
								"0",
								"1"
							],
							"port": "8000",
							"path": [
								"api",
								"register"
							]
						}
					},
					"response": []
				},
				{
					"name": "login",
					"request": {
						"method": "POST",
						"header": [],
						"body": {
							"mode": "formdata",
							"formdata": [
								{
									"key": "email",
									"value": "rajesh@gmail.com",
									"type": "text"
								},
								{
									"key": "password",
									"value": "123456",
									"type": "text"
								}
							]
						},
						"url": {
							"raw": "http://127.0.0.1:8000/api/login",
							"protocol": "http",
							"host": [
								"127",
								"0",
								"0",
								"1"
							],
							"port": "8000",
							"path": [
								"api",
								"login"
							]
						}
					},
					"response": []
				}
			]
		},
		{
			"name": "State",
			"item": [
				{
					"name": "state-index",
					"request": {
						"method": "GET",
						"header": [],
						"url": {
							"raw": "http://127.0.0.1:8000/api/state-index",
							"protocol": "http",
							"host": [
								"127",
								"0",
								"0",
								"1"
							],
							"port": "8000",
							"path": [
								"api",
								"state-index"
							]
						}
					},
					"response": []
				},
				{
					"name": "state-store",
					"request": {
						"method": "POST",
						"header": [],
						"body": {
							"mode": "formdata",
							"formdata": [
								{
									"key": "stateName",
									"value": "Goa",
									"type": "text"
								}
							]
						},
						"url": {
							"raw": "http://127.0.0.1:8000/api/state-store",
							"protocol": "http",
							"host": [
								"127",
								"0",
								"0",
								"1"
							],
							"port": "8000",
							"path": [
								"api",
								"state-store"
							]
						}
					},
					"response": []
				},
				{
					"name": "state-update/4",
					"request": {
						"method": "POST",
						"header": [],
						"body": {
							"mode": "formdata",
							"formdata": [
								{
									"key": "stateName",
									"value": "Pune",
									"type": "text"
								}
							]
						},
						"url": {
							"raw": "http://127.0.0.1:8000/api/state-update/4",
							"protocol": "http",
							"host": [
								"127",
								"0",
								"0",
								"1"
							],
							"port": "8000",
							"path": [
								"api",
								"state-update",
								"4"
							]
						}
					},
					"response": []
				},
				{
					"name": "state-delete/2",
					"protocolProfileBehavior": {
						"disableBodyPruning": true
					},
					"request": {
						"method": "GET",
						"header": [],
						"body": {
							"mode": "formdata",
							"formdata": []
						},
						"url": {
							"raw": "http://127.0.0.1:8000/api/state-delete/2",
							"protocol": "http",
							"host": [
								"127",
								"0",
								"0",
								"1"
							],
							"port": "8000",
							"path": [
								"api",
								"state-delete",
								"2"
							]
						}
					},
					"response": []
				},
				{
					"name": "state-show/1",
					"request": {
						"method": "GET",
						"header": [],
						"url": {
							"raw": "http://127.0.0.1:8000/api/state-show/1",
							"protocol": "http",
							"host": [
								"127",
								"0",
								"0",
								"1"
							],
							"port": "8000",
							"path": [
								"api",
								"state-show",
								"1"
							]
						}
					},
					"response": []
				}
			]
		},
		{
			"name": "City",
			"item": [
				{
					"name": "city-index",
					"protocolProfileBehavior": {
						"disableBodyPruning": true
					},
					"request": {
						"method": "GET",
						"header": [],
						"body": {
							"mode": "formdata",
							"formdata": []
						},
						"url": {
							"raw": "http://127.0.0.1:8000/api/city-index",
							"protocol": "http",
							"host": [
								"127",
								"0",
								"0",
								"1"
							],
							"port": "8000",
							"path": [
								"api",
								"city-index"
							]
						}
					},
					"response": []
				},
				{
					"name": "city-store",
					"request": {
						"method": "POST",
						"header": [],
						"body": {
							"mode": "formdata",
							"formdata": [
								{
									"key": "cityName",
									"value": "Ahemdabad",
									"type": "text"
								},
								{
									"key": "stateId",
									"value": "4",
									"type": "text"
								}
							]
						},
						"url": {
							"raw": "http://127.0.0.1:8000/api/city-store",
							"protocol": "http",
							"host": [
								"127",
								"0",
								"0",
								"1"
							],
							"port": "8000",
							"path": [
								"api",
								"city-store"
							]
						}
					},
					"response": []
				},
				{
					"name": "city-update/3",
					"request": {
						"method": "POST",
						"header": [],
						"body": {
							"mode": "formdata",
							"formdata": [
								{
									"key": "cityName",
									"value": "Ahemdabad",
									"type": "text"
								},
								{
									"key": "stateId",
									"value": "4",
									"type": "text"
								}
							]
						},
						"url": {
							"raw": "http://127.0.0.1:8000/api/city-update/3",
							"protocol": "http",
							"host": [
								"127",
								"0",
								"0",
								"1"
							],
							"port": "8000",
							"path": [
								"api",
								"city-update",
								"3"
							]
						}
					},
					"response": []
				},
				{
					"name": "city-delete/2",
					"request": {
						"method": "GET",
						"header": [],
						"url": {
							"raw": "http://127.0.0.1:8000/api/city-delete/2",
							"protocol": "http",
							"host": [
								"127",
								"0",
								"0",
								"1"
							],
							"port": "8000",
							"path": [
								"api",
								"city-delete",
								"2"
							]
						}
					},
					"response": []
				},
				{
					"name": "city-show/1",
					"request": {
						"method": "GET",
						"header": [],
						"url": {
							"raw": "http://127.0.0.1:8000/api/city-show/1",
							"protocol": "http",
							"host": [
								"127",
								"0",
								"0",
								"1"
							],
							"port": "8000",
							"path": [
								"api",
								"city-show",
								"1"
							]
						}
					},
					"response": []
				}
			]
		},
		{
			"name": "Category",
			"item": [
				{
					"name": "category-index",
					"request": {
						"method": "GET",
						"header": [],
						"url": {
							"raw": "http://127.0.0.1:8000/api/category-index",
							"protocol": "http",
							"host": [
								"127",
								"0",
								"0",
								"1"
							],
							"port": "8000",
							"path": [
								"api",
								"category-index"
							]
						}
					},
					"response": []
				},
				{
					"name": "category-store",
					"request": {
						"method": "POST",
						"header": [],
						"body": {
							"mode": "formdata",
							"formdata": [
								{
									"key": "catName",
									"value": "mobile",
									"type": "text"
								},
								{
									"key": "status",
									"value": "Active",
									"type": "text"
								}
							]
						},
						"url": {
							"raw": "http://127.0.0.1:8000/api/category-store",
							"protocol": "http",
							"host": [
								"127",
								"0",
								"0",
								"1"
							],
							"port": "8000",
							"path": [
								"api",
								"category-store"
							]
						}
					},
					"response": []
				},
				{
					"name": "category-update/2",
					"request": {
						"method": "POST",
						"header": [],
						"body": {
							"mode": "formdata",
							"formdata": [
								{
									"key": "catName",
									"value": "pen",
									"type": "text"
								}
							]
						},
						"url": {
							"raw": "http://127.0.0.1:8000/api/category-update/2",
							"protocol": "http",
							"host": [
								"127",
								"0",
								"0",
								"1"
							],
							"port": "8000",
							"path": [
								"api",
								"category-update",
								"2"
							]
						}
					},
					"response": []
				},
				{
					"name": "category-delete/1",
					"protocolProfileBehavior": {
						"disableBodyPruning": true
					},
					"request": {
						"method": "GET",
						"header": [],
						"body": {
							"mode": "formdata",
							"formdata": []
						},
						"url": {
							"raw": "http://127.0.0.1:8000/api/category-delete/1",
							"protocol": "http",
							"host": [
								"127",
								"0",
								"0",
								"1"
							],
							"port": "8000",
							"path": [
								"api",
								"category-delete",
								"1"
							]
						}
					},
					"response": []
				},
				{
					"name": "category-show/2",
					"request": {
						"method": "GET",
						"header": [],
						"url": {
							"raw": "http://127.0.0.1:8000/api/category-show/2",
							"protocol": "http",
							"host": [
								"127",
								"0",
								"0",
								"1"
							],
							"port": "8000",
							"path": [
								"api",
								"category-show",
								"2"
							]
						}
					},
					"response": []
				}
			]
		},
		{
			"name": "LanguageMaster",
			"item": [
				{
					"name": "languageMaster-index",
					"protocolProfileBehavior": {
						"disableBodyPruning": true
					},
					"request": {
						"method": "GET",
						"header": [],
						"body": {
							"mode": "formdata",
							"formdata": []
						},
						"url": {
							"raw": "http://127.0.0.1:8000/api/languageMaster-index",
							"protocol": "http",
							"host": [
								"127",
								"0",
								"0",
								"1"
							],
							"port": "8000",
							"path": [
								"api",
								"languageMaster-index"
							]
						}
					},
					"response": []
				},
				{
					"name": "languageMaster-store",
					"request": {
						"method": "POST",
						"header": [],
						"body": {
							"mode": "formdata",
							"formdata": [
								{
									"key": "language",
									"value": "Telugu",
									"type": "text"
								},
								{
									"key": "status",
									"value": "Active",
									"type": "text"
								}
							]
						},
						"url": {
							"raw": "http://127.0.0.1:8000/api/languageMaster-store",
							"protocol": "http",
							"host": [
								"127",
								"0",
								"0",
								"1"
							],
							"port": "8000",
							"path": [
								"api",
								"languageMaster-store"
							]
						}
					},
					"response": []
				},
				{
					"name": "languageMaster-update/4",
					"request": {
						"method": "POST",
						"header": [],
						"url": {
							"raw": "http://127.0.0.1:8000/api/languageMaster-update/3?language=Bagoli&status=Active",
							"protocol": "http",
							"host": [
								"127",
								"0",
								"0",
								"1"
							],
							"port": "8000",
							"path": [
								"api",
								"languageMaster-update",
								"3"
							],
							"query": [
								{
									"key": "language",
									"value": "Bagoli"
								},
								{
									"key": "status",
									"value": "Active"
								}
							]
						}
					},
					"response": []
				},
				{
					"name": "languageMaster-delete/1",
					"request": {
						"method": "GET",
						"header": [],
						"url": {
							"raw": "http://127.0.0.1:8000/api/languageMaster-delete/1",
							"protocol": "http",
							"host": [
								"127",
								"0",
								"0",
								"1"
							],
							"port": "8000",
							"path": [
								"api",
								"languageMaster-delete",
								"1"
							]
						}
					},
					"response": []
				},
				{
					"name": "category-show/4",
					"request": {
						"method": "GET",
						"header": [],
						"url": {
							"raw": "http://127.0.0.1:8000/api/category-show/4",
							"protocol": "http",
							"host": [
								"127",
								"0",
								"0",
								"1"
							],
							"port": "8000",
							"path": [
								"api",
								"category-show",
								"4"
							]
						}
					},
					"response": []
				}
			]
		},
		{
			"name": "SocialMaster",
			"item": [
				{
					"name": "socialMaster-index",
					"request": {
						"method": "GET",
						"header": [],
						"url": {
							"raw": "http://127.0.0.1:8000/api/socialMaster-index",
							"protocol": "http",
							"host": [
								"127",
								"0",
								"0",
								"1"
							],
							"port": "8000",
							"path": [
								"api",
								"socialMaster-index"
							]
						}
					},
					"response": []
				},
				{
					"name": "socialMaster-store",
					"request": {
						"method": "POST",
						"header": [],
						"body": {
							"mode": "formdata",
							"formdata": [
								{
									"key": "title",
									"value": "snapchat",
									"type": "text"
								},
								{
									"key": "logo",
									"type": "file",
									"src": "/C:/Users/admin/Downloads/whatsapp-logo-icon-vector-29054613.jpg"
								}
							]
						},
						"url": {
							"raw": "http://127.0.0.1:8000/api/socialMaster-store",
							"protocol": "http",
							"host": [
								"127",
								"0",
								"0",
								"1"
							],
							"port": "8000",
							"path": [
								"api",
								"socialMaster-store"
							]
						}
					},
					"response": []
				},
				{
					"name": "socialMaster-update/4",
					"request": {
						"method": "POST",
						"header": [],
						"body": {
							"mode": "formdata",
							"formdata": [
								{
									"key": "title",
									"value": "postman",
									"type": "text"
								},
								{
									"key": "logo",
									"type": "file",
									"src": "/C:/Users/admin/Downloads/44114706-9c72dd08-9fd1-11e8-8d9d-6d9d651c75ad.png"
								}
							]
						},
						"url": {
							"raw": "http://127.0.0.1:8000/api/socialMaster-update/4",
							"protocol": "http",
							"host": [
								"127",
								"0",
								"0",
								"1"
							],
							"port": "8000",
							"path": [
								"api",
								"socialMaster-update",
								"4"
							]
						}
					},
					"response": []
				},
				{
					"name": "socialMaster-delete/1",
					"request": {
						"method": "GET",
						"header": [],
						"url": {
							"raw": "http://127.0.0.1:8000/api/socialMaster-delete/1",
							"protocol": "http",
							"host": [
								"127",
								"0",
								"0",
								"1"
							],
							"port": "8000",
							"path": [
								"api",
								"socialMaster-delete",
								"1"
							]
						}
					},
					"response": []
				},
				{
					"name": "socialMaster-show/3",
					"request": {
						"method": "GET",
						"header": [],
						"url": {
							"raw": "http://127.0.0.1:8000/api/socialMaster-show/3",
							"protocol": "http",
							"host": [
								"127",
								"0",
								"0",
								"1"
							],
							"port": "8000",
							"path": [
								"api",
								"socialMaster-show",
								"3"
							]
						}
					},
					"response": []
				}
			]
		},
		{
			"name": "Consultant Profile",
			"item": [
				{
					"name": "consultant-profile/10",
					"protocolProfileBehavior": {
						"disableBodyPruning": true
					},
					"request": {
						"method": "GET",
						"header": [],
						"body": {
							"mode": "formdata",
							"formdata": []
						},
						"url": {
							"raw": "http://127.0.0.1:8000/api/consultant-profile/10",
							"protocol": "http",
							"host": [
								"127",
								"0",
								"0",
								"1"
							],
							"port": "8000",
							"path": [
								"api",
								"consultant-profile",
								"10"
							]
						}
					},
					"response": []
				},
				{
					"name": "consultant-update/15",
					"request": {
						"method": "POST",
						"header": [],
						"body": {
							"mode": "formdata",
							"formdata": [
								{
									"key": "about",
									"value": "hiiii",
									"type": "text"
								},
								{
									"key": "contactNo2",
									"value": "8569856985",
									"type": "text"
								},
								{
									"key": "skypeId",
									"value": "127",
									"type": "text"
								},
								{
									"key": "webSite",
									"value": "https://",
									"type": "text"
								},
								{
									"key": "map",
									"value": "surat",
									"type": "text"
								},
								{
									"key": "address",
									"value": "bus stop",
									"type": "text"
								},
								{
									"key": "state",
									"value": "1",
									"type": "text"
								},
								{
									"key": "city",
									"value": "2",
									"type": "text"
								},
								{
									"key": "pincode",
									"value": "741258",
									"type": "text"
								},
								{
									"key": "photo",
									"type": "file",
									"src": "/C:/Users/admin/Downloads/whatsapp-logo-icon-vector-29054613.jpg"
								},
								{
									"key": "status",
									"value": "Active",
									"type": "text"
								}
							]
						},
						"url": {
							"raw": "http://127.0.0.1:8000/api/consultant-update/15",
							"protocol": "http",
							"host": [
								"127",
								"0",
								"0",
								"1"
							],
							"port": "8000",
							"path": [
								"api",
								"consultant-update",
								"15"
							]
						}
					},
					"response": []
				}
			]
		},
		{
			"name": "Inquiry",
			"item": [
				{
					"name": "inquiry list",
					"request": {
						"method": "GET",
						"header": [],
						"url": {
							"raw": "http://127.0.0.1:8000/api/corporate-inquiry-index",
							"protocol": "http",
							"host": [
								"127",
								"0",
								"0",
								"1"
							],
							"port": "8000",
							"path": [
								"api",
								"corporate-inquiry-index"
							]
						}
					},
					"response": []
				}
			]
		},
		{
			"name": "Admin Package",
			"item": [
				{
					"name": "index",
					"request": {
						"method": "GET",
						"header": [],
						"url": {
							"raw": "http://127.0.0.1:8000/api/adminpackage-index",
							"protocol": "http",
							"host": [
								"127",
								"0",
								"0",
								"1"
							],
							"port": "8000",
							"path": [
								"api",
								"adminpackage-index"
							]
						}
					},
					"response": []
				},
				{
					"name": "store",
					"request": {
						"method": "POST",
						"header": [],
						"body": {
							"mode": "formdata",
							"formdata": [
								{
									"key": "title",
									"value": "Api demo",
									"type": "text"
								},
								{
									"key": "price",
									"value": "125",
									"type": "text"
								},
								{
									"key": "details",
									"value": "Api Demo",
									"type": "text"
								}
							]
						},
						"url": {
							"raw": "http://127.0.0.1:8000/api/adminpackage-store",
							"protocol": "http",
							"host": [
								"127",
								"0",
								"0",
								"1"
							],
							"port": "8000",
							"path": [
								"api",
								"adminpackage-store"
							]
						}
					},
					"response": []
				},
				{
					"name": "update/id",
					"request": {
						"method": "POST",
						"header": [],
						"body": {
							"mode": "formdata",
							"formdata": [
								{
									"key": "title",
									"value": "Update",
									"type": "text"
								},
								{
									"key": "price",
									"value": "123456",
									"type": "text"
								},
								{
									"key": "details",
									"value": "Update Api",
									"type": "text"
								}
							]
						},
						"url": {
							"raw": "http://127.0.0.1:8000/api/adminpackage-update/5",
							"protocol": "http",
							"host": [
								"127",
								"0",
								"0",
								"1"
							],
							"port": "8000",
							"path": [
								"api",
								"adminpackage-update",
								"5"
							]
						}
					},
					"response": []
				},
				{
					"name": "delete/id",
					"request": {
						"method": "GET",
						"header": [],
						"url": {
							"raw": "http://127.0.0.1:8000/api/adminpackage-delete/5",
							"protocol": "http",
							"host": [
								"127",
								"0",
								"0",
								"1"
							],
							"port": "8000",
							"path": [
								"api",
								"adminpackage-delete",
								"5"
							]
						}
					},
					"response": []
				},
				{
					"name": "show/id",
					"request": {
						"method": "GET",
						"header": [],
						"url": {
							"raw": "http://127.0.0.1:8000/api/adminpackage-show/2",
							"protocol": "http",
							"host": [
								"127",
								"0",
								"0",
								"1"
							],
							"port": "8000",
							"path": [
								"api",
								"adminpackage-show",
								"2"
							]
						}
					},
					"response": []
				}
			]
		},
		{
			"name": "Workshop",
			"item": [
				{
					"name": "Workshop List",
					"request": {
						"method": "GET",
						"header": [],
						"url": {
							"raw": "http://127.0.0.1:8000/api/workshoplist-index",
							"protocol": "http",
							"host": [
								"127",
								"0",
								"0",
								"1"
							],
							"port": "8000",
							"path": [
								"api",
								"workshoplist-index"
							]
						}
					},
					"response": []
				}
			]
		},
		{
			"name": "Slider",
			"item": [
				{
					"name": "index",
					"request": {
						"method": "GET",
						"header": [],
						"url": {
							"raw": "http://127.0.0.1:8000/api/slider-index/inner",
							"protocol": "http",
							"host": [
								"127",
								"0",
								"0",
								"1"
							],
							"port": "8000",
							"path": [
								"api",
								"slider-index",
								"inner"
							]
						}
					},
					"response": []
				},
				{
					"name": "store",
					"request": {
						"method": "POST",
						"header": [],
						"body": {
							"mode": "formdata",
							"formdata": [
								{
									"key": "type",
									"value": "Home",
									"type": "text"
								},
								{
									"key": "photo",
									"type": "file",
									"src": "/D:/Laravel/consultant/consultant/public/gallery/1690534378.jpg"
								}
							]
						},
						"url": {
							"raw": "http://127.0.0.1:8000/api/slider-store",
							"protocol": "http",
							"host": [
								"127",
								"0",
								"0",
								"1"
							],
							"port": "8000",
							"path": [
								"api",
								"slider-store"
							]
						}
					},
					"response": []
				},
				{
					"name": "update/id",
					"request": {
						"method": "POST",
						"header": [],
						"body": {
							"mode": "formdata",
							"formdata": [
								{
									"key": "type",
									"value": "Home",
									"type": "text"
								}
							]
						},
						"url": {
							"raw": "http://127.0.0.1:8000/api/slider-update/5",
							"protocol": "http",
							"host": [
								"127",
								"0",
								"0",
								"1"
							],
							"port": "8000",
							"path": [
								"api",
								"slider-update",
								"5"
							]
						}
					},
					"response": []
				},
				{
					"name": "delete/id",
					"request": {
						"method": "GET",
						"header": [],
						"url": {
							"raw": "http://127.0.0.1:8000/api/slider-delete/5",
							"protocol": "http",
							"host": [
								"127",
								"0",
								"0",
								"1"
							],
							"port": "8000",
							"path": [
								"api",
								"slider-delete",
								"5"
							]
						}
					},
					"response": []
				},
				{
					"name": "show/id",
					"request": {
						"method": "GET",
						"header": [],
						"url": {
							"raw": "http://127.0.0.1:8000/api/slider-show/5",
							"protocol": "http",
							"host": [
								"127",
								"0",
								"0",
								"1"
							],
							"port": "8000",
							"path": [
								"api",
								"slider-show",
								"5"
							]
						}
					},
					"response": []
				}
			]
		}
	]
}