{
	"info": {
		"_postman_id": "dd619285-4ca6-40f5-a307-bf7d2c15e398",
		"name": "Consultant",
		"schema": "https://schema.getpostman.com/json/collection/v2.1.0/collection.json",
		"_exporter_id": "26731935"
	},
	"item": [
		{
			"name": "Achievement",
			"item": [
				{
					"name": "index/userId",
					"protocolProfileBehavior": {
						"disableBodyPruning": true
					},
					"request": {
						"method": "GET",
						"header": [],
						"body": {
							"mode": "raw",
							"raw": "{\r\n    \"userId\":\"10\"\r\n}",
							"options": {
								"raw": {
									"language": "json"
								}
							}
						},
						"url": {
							"raw": "http://127.0.0.1:8000/api/achievement/index/14",
							"protocol": "http",
							"host": [
								"127",
								"0",
								"0",
								"1"
							],
							"port": "8000",
							"path": [
								"api",
								"achievement",
								"index",
								"14"
							]
						}
					},
					"response": []
				},
				{
					"name": "store",
					"request": {
						"method": "POST",
						"header": [],
						"body": {
							"mode": "formdata",
							"formdata": [
								{
									"key": "userId",
									"value": "14",
									"type": "text"
								},
								{
									"key": "title",
									"value": "Customer Service Achievements",
									"type": "text"
								},
								{
									"key": "photo",
									"type": "file",
									"src": "/C:/Users/admin/Pictures/Customer Service Achievements.jpg"
								}
							]
						},
						"url": {
							"raw": "http://127.0.0.1:8000/api/achievement/store",
							"protocol": "http",
							"host": [
								"127",
								"0",
								"0",
								"1"
							],
							"port": "8000",
							"path": [
								"api",
								"achievement",
								"store"
							]
						}
					},
					"response": []
				},
				{
					"name": "update/id",
					"request": {
						"method": "POST",
						"header": [],
						"body": {
							"mode": "formdata",
							"formdata": [
								{
									"key": "userId",
									"value": "",
									"type": "text",
									"disabled": true
								},
								{
									"key": "title",
									"value": "Spoke on panels discussing issues facing your profession",
									"type": "text"
								},
								{
									"key": "photo",
									"type": "file",
									"src": "/C:/Users/admin/Pictures/Spoke on panels discussing issues facing your profession.jpg"
								}
							]
						},
						"url": {
							"raw": "http://127.0.0.1:8000/api/achievement/update/3",
							"protocol": "http",
							"host": [
								"127",
								"0",
								"0",
								"1"
							],
							"port": "8000",
							"path": [
								"api",
								"achievement",
								"update",
								"3"
							]
						}
					},
					"response": []
				},
				{
					"name": "show/id",
					"request": {
						"method": "GET",
						"header": [],
						"url": {
							"raw": "http://127.0.0.1:8000/api/achievement/show/4",
							"protocol": "http",
							"host": [
								"127",
								"0",
								"0",
								"1"
							],
							"port": "8000",
							"path": [
								"api",
								"achievement",
								"show",
								"4"
							]
						}
					},
					"response": []
				},
				{
					"name": "delete/id",
					"request": {
						"method": "GET",
						"header": [],
						"url": {
							"raw": "http://127.0.0.1:8000/api/achievement/delete/3",
							"protocol": "http",
							"host": [
								"127",
								"0",
								"0",
								"1"
							],
							"port": "8000",
							"path": [
								"api",
								"achievement",
								"delete",
								"3"
							]
						}
					},
					"response": []
				}
			]
		},
		{
			"name": "Attachment",
			"item": [
				{
					"name": "index/userId",
					"protocolProfileBehavior": {
						"disableBodyPruning": true
					},
					"request": {
						"method": "GET",
						"header": [],
						"body": {
							"mode": "raw",
							"raw": "{\r\n    \"userId\":\"14\"\r\n}",
							"options": {
								"raw": {
									"language": "json"
								}
							}
						},
						"url": {
							"raw": "http://127.0.0.1:8000/api/attachment/index/14",
							"protocol": "http",
							"host": [
								"127",
								"0",
								"0",
								"1"
							],
							"port": "8000",
							"path": [
								"api",
								"attachment",
								"index",
								"14"
							]
						}
					},
					"response": []
				},
				{
					"name": "store",
					"request": {
						"method": "POST",
						"header": [],
						"body": {
							"mode": "formdata",
							"formdata": [
								{
									"key": "userId",
									"value": "14",
									"type": "text"
								},
								{
									"key": "title",
									"value": "List of Consultants",
									"type": "text"
								},
								{
									"key": "file",
									"type": "file",
									"src": "/C:/Users/admin/Pictures/Learned a new language.jpg"
								}
							]
						},
						"url": {
							"raw": "http://127.0.0.1:8000/api/attachment/store",
							"protocol": "http",
							"host": [
								"127",
								"0",
								"0",
								"1"
							],
							"port": "8000",
							"path": [
								"api",
								"attachment",
								"store"
							]
						}
					},
					"response": []
				},
				{
					"name": "update/id",
					"request": {
						"method": "POST",
						"header": [],
						"body": {
							"mode": "formdata",
							"formdata": [
								{
									"key": "title",
									"value": "List Of Attachment",
									"type": "text"
								},
								{
									"key": "file",
									"type": "file",
									"src": "/C:/Users/admin/Pictures/Learned a new language.jpg"
								}
							]
						},
						"url": {
							"raw": "http://127.0.0.1:8000/api/attachment/update/10",
							"protocol": "http",
							"host": [
								"127",
								"0",
								"0",
								"1"
							],
							"port": "8000",
							"path": [
								"api",
								"attachment",
								"update",
								"10"
							]
						}
					},
					"response": []
				},
				{
					"name": "show/id",
					"request": {
						"method": "GET",
						"header": [],
						"url": {
							"raw": "http://127.0.0.1:8000/api/attachment/show/10",
							"protocol": "http",
							"host": [
								"127",
								"0",
								"0",
								"1"
							],
							"port": "8000",
							"path": [
								"api",
								"attachment",
								"show",
								"10"
							]
						}
					},
					"response": []
				},
				{
					"name": "delete/id",
					"request": {
						"method": "GET",
						"header": [],
						"url": {
							"raw": "http://127.0.0.1:8000/api/attachment/delete/11",
							"protocol": "http",
							"host": [
								"127",
								"0",
								"0",
								"1"
							],
							"port": "8000",
							"path": [
								"api",
								"attachment",
								"delete",
								"11"
							]
						}
					},
					"response": []
				}
			]
		},
		{
			"name": "Certificate",
			"item": [
				{
					"name": "index/userId",
					"protocolProfileBehavior": {
						"disableBodyPruning": true
					},
					"request": {
						"method": "GET",
						"header": [],
						"body": {
							"mode": "raw",
							"raw": "{\r\n    \"userId\":\"10\"\r\n}",
							"options": {
								"raw": {
									"language": "json"
								}
							}
						},
						"url": {
							"raw": "http://127.0.0.1:8000/api/certificate/index",
							"protocol": "http",
							"host": [
								"127",
								"0",
								"0",
								"1"
							],
							"port": "8000",
							"path": [
								"api",
								"certificate",
								"index"
							]
						}
					},
					"response": []
				},
				{
					"name": "store",
					"request": {
						"method": "POST",
						"header": [],
						"body": {
							"mode": "formdata",
							"formdata": [
								{
									"key": "userId",
									"value": "14",
									"type": "text"
								},
								{
									"key": "title",
									"value": "Spoke On Panels Certificate",
									"type": "text"
								},
								{
									"key": "photo",
									"type": "file",
									"src": "/C:/Users/admin/Pictures/Spoke on panels discussing issues facing your profession.jpg"
								}
							]
						},
						"url": {
							"raw": "http://127.0.0.1:8000/api/certificate/store",
							"protocol": "http",
							"host": [
								"127",
								"0",
								"0",
								"1"
							],
							"port": "8000",
							"path": [
								"api",
								"certificate",
								"store"
							]
						}
					},
					"response": []
				},
				{
					"name": "update/id",
					"request": {
						"method": "POST",
						"header": [],
						"body": {
							"mode": "formdata",
							"formdata": [
								{
									"key": "title",
									"value": "Custmer Service Cerificate",
									"type": "text"
								},
								{
									"key": "photo",
									"type": "file",
									"src": "/C:/Users/admin/Pictures/Customer Service Achievements.jpg"
								}
							]
						},
						"url": {
							"raw": "http://127.0.0.1:8000/api/certificate/update/1",
							"protocol": "http",
							"host": [
								"127",
								"0",
								"0",
								"1"
							],
							"port": "8000",
							"path": [
								"api",
								"certificate",
								"update",
								"1"
							]
						}
					},
					"response": []
				},
				{
					"name": "show/id",
					"request": {
						"method": "GET",
						"header": [],
						"url": {
							"raw": "http://127.0.0.1:8000/api/certificate/show/2",
							"protocol": "http",
							"host": [
								"127",
								"0",
								"0",
								"1"
							],
							"port": "8000",
							"path": [
								"api",
								"certificate",
								"show",
								"2"
							]
						}
					},
					"response": []
				},
				{
					"name": "delete/id",
					"request": {
						"method": "GET",
						"header": [],
						"url": {
							"raw": "http://127.0.0.1:8000/api/certificate/delete/1",
							"protocol": "http",
							"host": [
								"127",
								"0",
								"0",
								"1"
							],
							"port": "8000",
							"path": [
								"api",
								"certificate",
								"delete",
								"1"
							]
						}
					},
					"response": []
				}
			]
		},
		{
			"name": "Gallery",
			"item": [
				{
					"name": "index/userId",
					"protocolProfileBehavior": {
						"disableBodyPruning": true
					},
					"request": {
						"method": "GET",
						"header": [],
						"body": {
							"mode": "raw",
							"raw": "{\r\n    \"userId\":\"14\"\r\n}",
							"options": {
								"raw": {
									"language": "json"
								}
							}
						},
						"url": {
							"raw": "http://127.0.0.1:8000/api/gallery/index",
							"protocol": "http",
							"host": [
								"127",
								"0",
								"0",
								"1"
							],
							"port": "8000",
							"path": [
								"api",
								"gallery",
								"index"
							]
						}
					},
					"response": []
				},
				{
					"name": "store",
					"request": {
						"method": "POST",
						"header": [],
						"body": {
							"mode": "formdata",
							"formdata": [
								{
									"key": "userId",
									"value": "14",
									"type": "text"
								},
								{
									"key": "title",
									"value": "Customer service",
									"type": "text"
								},
								{
									"key": "photo",
									"type": "file",
									"src": "/C:/Users/admin/Pictures/Customer service.jpg"
								}
							]
						},
						"url": {
							"raw": "http://127.0.0.1:8000/api/gallery/store",
							"protocol": "http",
							"host": [
								"127",
								"0",
								"0",
								"1"
							],
							"port": "8000",
							"path": [
								"api",
								"gallery",
								"store"
							]
						}
					},
					"response": []
				},
				{
					"name": "update/id",
					"request": {
						"method": "POST",
						"header": [],
						"body": {
							"mode": "formdata",
							"formdata": [
								{
									"key": "title",
									"value": "Gave Career Advice",
									"type": "text"
								},
								{
									"key": "photo",
									"type": "file",
									"src": "/C:/Users/admin/Pictures/Gave career advice to young professionals.jpg"
								}
							]
						},
						"url": {
							"raw": "http://127.0.0.1:8000/api/gallery/update/14",
							"protocol": "http",
							"host": [
								"127",
								"0",
								"0",
								"1"
							],
							"port": "8000",
							"path": [
								"api",
								"gallery",
								"update",
								"14"
							]
						}
					},
					"response": []
				},
				{
					"name": "show/id",
					"request": {
						"method": "GET",
						"header": [],
						"url": {
							"raw": "http://127.0.0.1:8000/api/gallery/show/1",
							"protocol": "http",
							"host": [
								"127",
								"0",
								"0",
								"1"
							],
							"port": "8000",
							"path": [
								"api",
								"gallery",
								"show",
								"1"
							]
						}
					},
					"response": []
				},
				{
					"name": "delete/id",
					"request": {
						"method": "GET",
						"header": [],
						"url": {
							"raw": "http://127.0.0.1:8000/api/gallery/delete/10",
							"protocol": "http",
							"host": [
								"127",
								"0",
								"0",
								"1"
							],
							"port": "8000",
							"path": [
								"api",
								"gallery",
								"delete",
								"10"
							]
						}
					},
					"response": []
				}
			]
		},
		{
			"name": "Language",
			"item": [
				{
					"name": "index/userId",
					"protocolProfileBehavior": {
						"disableBodyPruning": true
					},
					"request": {
						"method": "GET",
						"header": [],
						"body": {
							"mode": "raw",
							"raw": "{\r\n    \"userId\":\"14\"\r\n}",
							"options": {
								"raw": {
									"language": "json"
								}
							}
						},
						"url": {
							"raw": "http://127.0.0.1:8000/api/language/index/14",
							"protocol": "http",
							"host": [
								"127",
								"0",
								"0",
								"1"
							],
							"port": "8000",
							"path": [
								"api",
								"language",
								"index",
								"14"
							]
						}
					},
					"response": []
				},
				{
					"name": "store",
					"request": {
						"method": "POST",
						"header": [],
						"body": {
							"mode": "formdata",
							"formdata": [
								{
									"key": "userId",
									"value": "14",
									"type": "text"
								},
								{
									"key": "languageId",
									"value": "3",
									"type": "text"
								}
							]
						},
						"url": {
							"raw": "http://127.0.0.1:8000/api/language/store",
							"protocol": "http",
							"host": [
								"127",
								"0",
								"0",
								"1"
							],
							"port": "8000",
							"path": [
								"api",
								"language",
								"store"
							]
						}
					},
					"response": []
				},
				{
					"name": "update/id",
					"request": {
						"method": "POST",
						"header": [],
						"body": {
							"mode": "formdata",
							"formdata": [
								{
									"key": "languageId",
									"value": "3",
									"type": "text"
								}
							]
						},
						"url": {
							"raw": "http://127.0.0.1:8000/api/language/update/22",
							"protocol": "http",
							"host": [
								"127",
								"0",
								"0",
								"1"
							],
							"port": "8000",
							"path": [
								"api",
								"language",
								"update",
								"22"
							]
						}
					},
					"response": []
				},
				{
					"name": "show/id",
					"request": {
						"method": "GET",
						"header": [],
						"url": {
							"raw": "http://127.0.0.1:8000/api/language/show/22",
							"protocol": "http",
							"host": [
								"127",
								"0",
								"0",
								"1"
							],
							"port": "8000",
							"path": [
								"api",
								"language",
								"show",
								"22"
							]
						}
					},
					"response": []
				},
				{
					"name": "delete/id",
					"request": {
						"method": "GET",
						"header": [],
						"url": {
							"raw": "http://127.0.0.1:8000/api/language/delete/21",
							"protocol": "http",
							"host": [
								"127",
								"0",
								"0",
								"1"
							],
							"port": "8000",
							"path": [
								"api",
								"language",
								"delete",
								"21"
							]
						}
					},
					"response": []
				},
				{
					"name": "http://127.0.0.1:8000/api/getLanguageList",
					"request": {
						"method": "GET",
						"header": [],
						"url": {
							"raw": "http://127.0.0.1:8000/api/getLanguageList",
							"protocol": "http",
							"host": [
								"127",
								"0",
								"0",
								"1"
							],
							"port": "8000",
							"path": [
								"api",
								"getLanguageList"
							]
						}
					},
					"response": []
				}
			]
		},
		{
			"name": "Package",
			"item": [
				{
					"name": "index/userId",
					"protocolProfileBehavior": {
						"disableBodyPruning": true
					},
					"request": {
						"method": "GET",
						"header": [],
						"body": {
							"mode": "raw",
							"raw": "{\r\n    \"userId\":\"14\"\r\n}",
							"options": {
								"raw": {
									"language": "json"
								}
							}
						},
						"url": {
							"raw": "http://127.0.0.1:8000/api/package/index",
							"protocol": "http",
							"host": [
								"127",
								"0",
								"0",
								"1"
							],
							"port": "8000",
							"path": [
								"api",
								"package",
								"index"
							]
						}
					},
					"response": []
				},
				{
					"name": "store",
					"request": {
						"method": "POST",
						"header": [],
						"body": {
							"mode": "formdata",
							"formdata": [
								{
									"key": "userId",
									"value": "14",
									"type": "text"
								},
								{
									"key": "title",
									"value": "Mobile Recharge",
									"type": "text"
								},
								{
									"key": "price",
									"value": "500",
									"type": "text"
								},
								{
									"key": "detail",
									"value": "Mobile Rechagre For Vodaphone",
									"type": "text"
								},
								{
									"key": "validUpTo",
									"value": "3 Months",
									"type": "text"
								}
							]
						},
						"url": {
							"raw": "http://127.0.0.1:8000/api/package/store",
							"protocol": "http",
							"host": [
								"127",
								"0",
								"0",
								"1"
							],
							"port": "8000",
							"path": [
								"api",
								"package",
								"store"
							]
						}
					},
					"response": []
				},
				{
					"name": "update/id",
					"request": {
						"method": "POST",
						"header": [],
						"body": {
							"mode": "formdata",
							"formdata": [
								{
									"key": "title",
									"value": "wi-Fi Recharge VI",
									"type": "text"
								},
								{
									"key": "price",
									"value": "5000",
									"type": "text"
								},
								{
									"key": "detail",
									"value": "Wi-Fi Recharge For Vi",
									"type": "text"
								},
								{
									"key": "validUpTo",
									"value": "1 Year",
									"type": "text"
								}
							]
						},
						"url": {
							"raw": "http://127.0.0.1:8000/api/package/update/4",
							"protocol": "http",
							"host": [
								"127",
								"0",
								"0",
								"1"
							],
							"port": "8000",
							"path": [
								"api",
								"package",
								"update",
								"4"
							]
						}
					},
					"response": []
				},
				{
					"name": "delete/id",
					"request": {
						"method": "GET",
						"header": [],
						"url": {
							"raw": "http://127.0.0.1:8000/api/package/delete/3",
							"protocol": "http",
							"host": [
								"127",
								"0",
								"0",
								"1"
							],
							"port": "8000",
							"path": [
								"api",
								"package",
								"delete",
								"3"
							]
						}
					},
					"response": []
				},
				{
					"name": "show/id",
					"request": {
						"method": "GET",
						"header": [],
						"url": {
							"raw": "http://127.0.0.1:8000/api/package/show/4",
							"protocol": "http",
							"host": [
								"127",
								"0",
								"0",
								"1"
							],
							"port": "8000",
							"path": [
								"api",
								"package",
								"show",
								"4"
							]
						}
					},
					"response": []
				}
			]
		},
		{
			"name": "SocialLink",
			"item": [
				{
					"name": "index/userId",
					"protocolProfileBehavior": {
						"disableBodyPruning": true
					},
					"request": {
						"method": "GET",
						"header": [],
						"body": {
							"mode": "raw",
							"raw": "{\r\n    \"userId\":\"14\"\r\n}",
							"options": {
								"raw": {
									"language": "json"
								}
							}
						},
						"url": {
							"raw": "http://127.0.0.1:8000/api/socialLink/index/14",
							"protocol": "http",
							"host": [
								"127",
								"0",
								"0",
								"1"
							],
							"port": "8000",
							"path": [
								"api",
								"socialLink",
								"index",
								"14"
							]
						}
					},
					"response": []
				},
				{
					"name": "store",
					"request": {
						"method": "POST",
						"header": [],
						"body": {
							"mode": "formdata",
							"formdata": [
								{
									"key": "userId",
									"value": "14",
									"type": "text"
								},
								{
									"key": "socialMediaMasterId",
									"value": "1",
									"type": "text"
								},
								{
									"key": "url",
									"value": "http://127.0.0.1:8000/api/socialLink/store  liveee",
									"type": "text"
								}
							]
						},
						"url": {
							"raw": "http://127.0.0.1:8000/api/socialLink/store",
							"protocol": "http",
							"host": [
								"127",
								"0",
								"0",
								"1"
							],
							"port": "8000",
							"path": [
								"api",
								"socialLink",
								"store"
							]
						}
					},
					"response": []
				},
				{
					"name": "update/id",
					"request": {
						"method": "POST",
						"header": [],
						"body": {
							"mode": "formdata",
							"formdata": [
								{
									"key": "socialMediaMasterId",
									"value": "2",
									"type": "text"
								},
								{
									"key": "url",
									"value": "http://facebook.com",
									"type": "text"
								}
							]
						},
						"url": {
							"raw": "http://127.0.0.1:8000/api/socialLink/update/19",
							"protocol": "http",
							"host": [
								"127",
								"0",
								"0",
								"1"
							],
							"port": "8000",
							"path": [
								"api",
								"socialLink",
								"update",
								"19"
							]
						}
					},
					"response": []
				},
				{
					"name": "delete/id",
					"request": {
						"method": "GET",
						"header": [],
						"url": {
							"raw": "http://127.0.0.1:8000/api/socialLink/delete/19",
							"protocol": "http",
							"host": [
								"127",
								"0",
								"0",
								"1"
							],
							"port": "8000",
							"path": [
								"api",
								"socialLink",
								"delete",
								"19"
							]
						}
					},
					"response": []
				},
				{
					"name": "show/id",
					"request": {
						"method": "GET",
						"header": [],
						"url": {
							"raw": "http://127.0.0.1:8000/api/socialLink/show/20",
							"protocol": "http",
							"host": [
								"127",
								"0",
								"0",
								"1"
							],
							"port": "8000",
							"path": [
								"api",
								"socialLink",
								"show",
								"20"
							]
						}
					},
					"response": []
				},
				{
					"name": "http://127.0.0.1:8000/api/socialLink/getSocialLinkList",
					"request": {
						"method": "GET",
						"header": [],
						"url": {
							"raw": "http://127.0.0.1:8000/api/socialLink/getSocialLinkList",
							"protocol": "http",
							"host": [
								"127",
								"0",
								"0",
								"1"
							],
							"port": "8000",
							"path": [
								"api",
								"socialLink",
								"getSocialLinkList"
							]
						}
					},
					"response": []
				}
			]
		},
		{
			"name": "Time",
			"item": [
				{
					"name": "index/userId",
					"protocolProfileBehavior": {
						"disableBodyPruning": true
					},
					"request": {
						"method": "GET",
						"header": [],
						"body": {
							"mode": "raw",
							"raw": "{\r\n    \"userId\":\"14\"\r\n}",
							"options": {
								"raw": {
									"language": "json"
								}
							}
						},
						"url": {
							"raw": "http://127.0.0.1:8000/api/time/index",
							"protocol": "http",
							"host": [
								"127",
								"0",
								"0",
								"1"
							],
							"port": "8000",
							"path": [
								"api",
								"time",
								"index"
							]
						}
					},
					"response": []
				},
				{
					"name": "store",
					"request": {
						"method": "POST",
						"header": [],
						"body": {
							"mode": "formdata",
							"formdata": [
								{
									"key": "userId",
									"value": "14",
									"type": "text"
								},
								{
									"key": "time",
									"value": "11:00 Am",
									"type": "text"
								},
								{
									"key": "day",
									"value": "Wednesday",
									"type": "text"
								}
							]
						},
						"url": {
							"raw": "http://127.0.0.1:8000/api/time/store",
							"protocol": "http",
							"host": [
								"127",
								"0",
								"0",
								"1"
							],
							"port": "8000",
							"path": [
								"api",
								"time",
								"store"
							]
						}
					},
					"response": []
				},
				{
					"name": "update/id",
					"request": {
						"method": "POST",
						"header": [],
						"body": {
							"mode": "formdata",
							"formdata": [
								{
									"key": "time",
									"value": "11:00",
									"type": "text"
								},
								{
									"key": "day",
									"value": "Saturday",
									"type": "text"
								}
							]
						},
						"url": {
							"raw": "http://127.0.0.1:8000/api/time/update/36",
							"protocol": "http",
							"host": [
								"127",
								"0",
								"0",
								"1"
							],
							"port": "8000",
							"path": [
								"api",
								"time",
								"update",
								"36"
							]
						}
					},
					"response": []
				},
				{
					"name": "delete/id",
					"request": {
						"method": "GET",
						"header": [],
						"url": {
							"raw": "http://127.0.0.1:8000/api/time/delete/36",
							"protocol": "http",
							"host": [
								"127",
								"0",
								"0",
								"1"
							],
							"port": "8000",
							"path": [
								"api",
								"time",
								"delete",
								"36"
							]
						}
					},
					"response": []
				},
				{
					"name": "show/id",
					"request": {
						"method": "GET",
						"header": [],
						"url": {
							"raw": "http://127.0.0.1:8000/api/time/show/36",
							"protocol": "http",
							"host": [
								"127",
								"0",
								"0",
								"1"
							],
							"port": "8000",
							"path": [
								"api",
								"time",
								"show",
								"36"
							]
						}
					},
					"response": []
				}
			]
		},
		{
			"name": "Video",
			"item": [
				{
					"name": "index/userId",
					"protocolProfileBehavior": {
						"disableBodyPruning": true
					},
					"request": {
						"method": "GET",
						"header": [],
						"body": {
							"mode": "raw",
							"raw": "{\r\n    \"userId\":\"14\"\r\n}",
							"options": {
								"raw": {
									"language": "json"
								}
							}
						},
						"url": {
							"raw": "http://127.0.0.1:8000/api/video/index",
							"protocol": "http",
							"host": [
								"127",
								"0",
								"0",
								"1"
							],
							"port": "8000",
							"path": [
								"api",
								"video",
								"index"
							]
						}
					},
					"response": []
				},
				{
					"name": "store",
					"request": {
						"method": "POST",
						"header": [],
						"body": {
							"mode": "formdata",
							"formdata": [
								{
									"key": "userId",
									"value": "14",
									"type": "text"
								},
								{
									"key": "url",
									"value": "https://www.youtube.com/watch?v=ChyR-8YNPMA&list=RDChyR-8YNPMA&start_radio=1",
									"type": "text"
								}
							]
						},
						"url": {
							"raw": "http://127.0.0.1:8000/api/video/store",
							"protocol": "http",
							"host": [
								"127",
								"0",
								"0",
								"1"
							],
							"port": "8000",
							"path": [
								"api",
								"video",
								"store"
							]
						}
					},
					"response": []
				},
				{
					"name": "update/id",
					"request": {
						"method": "POST",
						"header": [],
						"body": {
							"mode": "formdata",
							"formdata": [
								{
									"key": "url",
									"value": "https://www.youtube.com/watch?v=2CXSw1oPj3I&list=RDChyR-8YNPMA&index=4",
									"type": "text"
								}
							]
						},
						"url": {
							"raw": "http://127.0.0.1:8000/api/video/update/12",
							"protocol": "http",
							"host": [
								"127",
								"0",
								"0",
								"1"
							],
							"port": "8000",
							"path": [
								"api",
								"video",
								"update",
								"12"
							]
						}
					},
					"response": []
				},
				{
					"name": "delete/id",
					"request": {
						"method": "GET",
						"header": [],
						"url": {
							"raw": "http://127.0.0.1:8000/api/video/delete/10",
							"protocol": "http",
							"host": [
								"127",
								"0",
								"0",
								"1"
							],
							"port": "8000",
							"path": [
								"api",
								"video",
								"delete",
								"10"
							]
						}
					},
					"response": []
				},
				{
					"name": "show/id",
					"request": {
						"method": "GET",
						"header": [],
						"url": {
							"raw": "http://127.0.0.1:8000/api/video/show/12",
							"protocol": "http",
							"host": [
								"127",
								"0",
								"0",
								"1"
							],
							"port": "8000",
							"path": [
								"api",
								"video",
								"show",
								"12"
							]
						}
					},
					"response": []
				}
			]
		},
		{
			"name": "Workshop",
			"item": [
				{
					"name": "index/userId",
					"request": {
						"method": "GET",
						"header": [],
						"url": {
							"raw": "http://127.0.0.1:8000/api/workshop/index/14",
							"protocol": "http",
							"host": [
								"127",
								"0",
								"0",
								"1"
							],
							"port": "8000",
							"path": [
								"api",
								"workshop",
								"index",
								"14"
							]
						}
					},
					"response": []
				},
				{
					"name": "store",
					"request": {
						"method": "POST",
						"header": [],
						"body": {
							"mode": "formdata",
							"formdata": [
								{
									"key": "userId",
									"value": "14",
									"type": "text"
								},
								{
									"key": "title",
									"value": "gg",
									"type": "text"
								},
								{
									"key": "price",
									"value": "500",
									"type": "text"
								},
								{
									"key": "detail",
									"value": "gg",
									"type": "text"
								},
								{
									"key": "workshopType",
									"value": "Online",
									"type": "text"
								},
								{
									"key": "link",
									"value": "http://127.0.0.1:8000/api/workshop/store",
									"type": "text"
								},
								{
									"key": "address",
									"value": "gg",
									"type": "text"
								},
								{
									"key": "workshopDate",
									"value": "24/08/2023",
									"type": "text"
								}
							]
						},
						"url": {
							"raw": "http://127.0.0.1:8000/api/workshop/store",
							"protocol": "http",
							"host": [
								"127",
								"0",
								"0",
								"1"
							],
							"port": "8000",
							"path": [
								"api",
								"workshop",
								"store"
							]
						}
					},
					"response": []
				},
				{
					"name": "update/id",
					"request": {
						"method": "POST",
						"header": [],
						"body": {
							"mode": "formdata",
							"formdata": [
								{
									"key": "title",
									"value": "wwww",
									"type": "text"
								},
								{
									"key": "price",
									"value": "1000",
									"type": "text"
								},
								{
									"key": "detail",
									"value": "www",
									"type": "text"
								},
								{
									"key": "workshopType",
									"value": "Online",
									"type": "text"
								},
								{
									"key": "link",
									"value": "http://127.0.0.1:8000/api/workshop/update/4",
									"type": "text"
								},
								{
									"key": "address",
									"value": "qqqq",
									"type": "text"
								},
								{
									"key": "workshopDate",
									"value": "25/08/2023",
									"type": "text"
								}
							]
						},
						"url": {
							"raw": "http://127.0.0.1:8000/api/workshop/update/4",
							"protocol": "http",
							"host": [
								"127",
								"0",
								"0",
								"1"
							],
							"port": "8000",
							"path": [
								"api",
								"workshop",
								"update",
								"4"
							]
						}
					},
					"response": []
				},
				{
					"name": "delete/id",
					"request": {
						"method": "GET",
						"header": [],
						"url": {
							"raw": "http://127.0.0.1:8000/api/workshop/delete/4",
							"protocol": "http",
							"host": [
								"127",
								"0",
								"0",
								"1"
							],
							"port": "8000",
							"path": [
								"api",
								"workshop",
								"delete",
								"4"
							]
						}
					},
					"response": []
				},
				{
					"name": "show/id",
					"request": {
						"method": "GET",
						"header": [],
						"url": {
							"raw": "http://127.0.0.1:8000/api/workshop/show/5",
							"protocol": "http",
							"host": [
								"127",
								"0",
								"0",
								"1"
							],
							"port": "8000",
							"path": [
								"api",
								"workshop",
								"show",
								"5"
							]
						}
					},
					"response": []
				}
			]
		},
		{
			"name": "Paymnet Get Way",
			"item": [
				{
					"name": "paymentgat-with-uplantitle/userId",
					"request": {
						"method": "POST",
						"header": [],
						"body": {
							"mode": "formdata",
							"formdata": [
								{
									"key": "planType",
									"value": "Silver",
									"type": "text"
								}
							]
						},
						"url": {
							"raw": "http://127.0.0.1:8000/api/payament-get-way/14",
							"protocol": "http",
							"host": [
								"127",
								"0",
								"0",
								"1"
							],
							"port": "8000",
							"path": [
								"api",
								"payament-get-way",
								"14"
							]
						}
					},
					"response": []
				}
			]
		},
		{
			"name": "Consultant wise category",
			"item": [
				{
					"name": "Consultant wise category",
					"request": {
						"method": "GET",
						"header": [],
						"url": {
							"raw": "http://127.0.0.1:8000/api/consultant_wise_category/39",
							"protocol": "http",
							"host": [
								"127",
								"0",
								"0",
								"1"
							],
							"port": "8000",
							"path": [
								"api",
								"consultant_wise_category",
								"39"
							]
						}
					},
					"response": []
				}
			]
		},
		{
			"name": "Category Wise Consultant",
			"item": [
				{
					"name": "Category wise consultant",
					"request": {
						"method": "GET",
						"header": [],
						"url": {
							"raw": "http://127.0.0.1:8000/api/category-wise-consultant/8",
							"protocol": "http",
							"host": [
								"127",
								"0",
								"0",
								"1"
							],
							"port": "8000",
							"path": [
								"api",
								"category-wise-consultant",
								"8"
							]
						}
					},
					"response": []
				}
			]
		},
		{
			"name": "User Details",
			"item": [
				{
					"name": "User details / userId",
					"request": {
						"method": "GET",
						"header": [],
						"url": {
							"raw": "http://127.0.0.1:8000/api/user_details/14",
							"protocol": "http",
							"host": [
								"127",
								"0",
								"0",
								"1"
							],
							"port": "8000",
							"path": [
								"api",
								"user_details",
								"14"
							]
						}
					},
					"response": []
				}
			]
		},
		{
			"name": "Is Featured",
			"item": [
				{
					"name": "http://127.0.0.1:8000/api/isFeatured/No",
					"request": {
						"method": "GET",
						"header": [],
						"url": {
							"raw": "http://127.0.0.1:8000/api/isFeatured/No",
							"protocol": "http",
							"host": [
								"127",
								"0",
								"0",
								"1"
							],
							"port": "8000",
							"path": [
								"api",
								"isFeatured",
								"No"
							]
						}
					},
					"response": []
				}
			]
		}
	]
}